"inventarisnummer","titel","kunstenaar","tag_1","tag_2","tag_3","tag_4","tag_5","tag_6","tag_7","tag_8","tag_9","tag_10"
"10684 / 21-47","Schetsboek","Paul Delvaux","{""tag"": ""moeder"", ""score"": 0.8343}","{""tag"": ""Mommen"", ""score"": 0.8336}","{""tag"": ""abstract"", ""score"": 0.8306}","{""tag"": ""femme"", ""score"": 0.8242}","{""tag"": ""vrouw"", ""score"": 0.8217}","{""tag"": ""Mona Lisa"", ""score"": 0.8197}","{""tag"": ""Maagd met het kind"", ""score"": 0.8196}","{""tag"": ""Maagd met het Kind"", ""score"": 0.8177}","{""tag"": ""portrait"", ""score"": 0.8171}","{""tag"": ""enfant"", ""score"": 0.8165}"
"10681 / 16-30","Schetsboek","Paul Delvaux","{""tag"": ""abstract"", ""score"": 0.8385}","{""tag"": ""Gustave Courbet"", ""score"": 0.829}","{""tag"": ""straat"", ""score"": 0.829}","{""tag"": ""Camille Pissarro"", ""score"": 0.8243}","{""tag"": ""Paris"", ""score"": 0.8242}","{""tag"": ""landschap op achtergrond / portret van een onbekende"", ""score"": 0.8242}","{""tag"": ""Parijs"", ""score"": 0.824}","{""tag"": ""Musee Carnavalet"", ""score"": 0.8238}","{""tag"": ""Vieil Heidelberg"", ""score"": 0.8237}","{""tag"": ""Pont des Arts"", ""score"": 0.8234}"
"3068","De rede van Antwerpen bij de aankomst van Maria de' Medici en van de infante Isabella op 4 september 1631","Jan Wildens","{""tag"": ""Le Havre"", ""score"": 0.8382}","{""tag"": ""Visserskaai"", ""score"": 0.8312}","{""tag"": ""marine"", ""score"": 0.829}","{""tag"": ""markt"", ""score"": 0.8279}","{""tag"": ""Portret"", ""score"": 0.8276}","{""tag"": ""Zuiderzee"", ""score"": 0.8275}","{""tag"": ""portret"", ""score"": 0.8273}","{""tag"": ""watersport"", ""score"": 0.8268}","{""tag"": ""landschap op achtergrond / portret van een onbekende"", ""score"": 0.8254}","{""tag"": ""Markt"", ""score"": 0.8245}"
"11335","Utah Circle","Richard Long","{""tag"": ""steen"", ""score"": 0.8195}","{""tag"": ""abstract"", ""score"": 0.8175}","{""tag"": ""stilte"", ""score"": 0.8124}","{""tag"": ""marmer"", ""score"": 0.8072}","{""tag"": ""beeldhouwkunst"", ""score"": 0.8049}","{""tag"": ""cirkel"", ""score"": 0.804}","{""tag"": ""arts"", ""score"": 0.8037}","{""tag"": ""stele"", ""score"": 0.8031}","{""tag"": ""atelier"", ""score"": 0.8026}","{""tag"": ""kunstgalerij"", ""score"": 0.8018}"
"11527","De bank der armen","Charles Degroux","{""tag"": ""religieuze scene"", ""score"": 0.8503}","{""tag"": ""scene"", ""score"": 0.8361}","{""tag"": ""Pieta"", ""score"": 0.835}","{""tag"": ""altaar"", ""score"": 0.8334}","{""tag"": ""Jezus"", ""score"": 0.8333}","{""tag"": ""Christus"", ""score"": 0.833}","{""tag"": ""fresco"", ""score"": 0.8329}","{""tag"": ""Geseling van Christus"", ""score"": 0.8329}","{""tag"": ""religieuze man"", ""score"": 0.8327}","{""tag"": ""Meditationes in Vitam Christi"", ""score"": 0.8324}"
"6831","Vrouwenportret","Ferdinand Roybet","{""tag"": ""femme"", ""score"": 0.8419}","{""tag"": ""portrait"", ""score"": 0.838}","{""tag"": ""Mona Lisa"", ""score"": 0.8321}","{""tag"": ""Portret"", ""score"": 0.8281}","{""tag"": ""portret"", ""score"": 0.8267}","{""tag"": ""vrouw"", ""score"": 0.8253}","{""tag"": ""Madame Recamier"", ""score"": 0.8238}","{""tag"": ""portret van een onbekende"", ""score"": 0.8222}","{""tag"": ""landschap op achtergrond / portret van een onbekende"", ""score"": 0.8219}","{""tag"": ""Camille Pissarro"", ""score"": 0.8205}"
"12501","Bij het raam","Jean Rustin","{""tag"": ""abstract"", ""score"": 0.8164}","{""tag"": ""enfant"", ""score"": 0.808}","{""tag"": ""muurschildering"", ""score"": 0.8039}","{""tag"": ""angst"", ""score"": 0.8031}","{""tag"": ""hand"", ""score"": 0.8021}","{""tag"": ""schilderij"", ""score"": 0.8019}","{""tag"": ""schilderkunst"", ""score"": 0.8019}","{""tag"": ""arts"", ""score"": 0.7991}","{""tag"": ""fresco"", ""score"": 0.7989}","{""tag"": ""Mona Lisa"", ""score"": 0.7986}"
"10641 / 21-40","Tekeningen","Armand Simon","{""tag"": ""abstract"", ""score"": 0.8556}","{""tag"": ""facade"", ""score"": 0.8261}","{""tag"": ""Musee Carnavalet"", ""score"": 0.825}","{""tag"": ""architecture"", ""score"": 0.8242}","{""tag"": ""arts"", ""score"": 0.8232}","{""tag"": ""Art universel"", ""score"": 0.8226}","{""tag"": ""Mona Lisa"", ""score"": 0.8224}","{""tag"": ""Societe Libre des Beaux-Arts"", ""score"": 0.8217}","{""tag"": ""architectuuur"", ""score"": 0.8213}","{""tag"": ""Art libre"", ""score"": 0.821}"
"10684 / 1-20","Schetsboek","Paul Delvaux","{""tag"": ""abstract"", ""score"": 0.8455}","{""tag"": ""portrait"", ""score"": 0.8249}","{""tag"": ""Mona Lisa"", ""score"": 0.8228}","{""tag"": ""Musee Carnavalet"", ""score"": 0.8219}","{""tag"": ""arts"", ""score"": 0.8199}","{""tag"": ""Art libre"", ""score"": 0.8195}","{""tag"": ""kubisme"", ""score"": 0.8188}","{""tag"": ""Portret"", ""score"": 0.8186}","{""tag"": ""Art universel"", ""score"": 0.8182}","{""tag"": ""atelier"", ""score"": 0.8175}"
"1353","Zelfportret","Carel de Moor II","{""tag"": ""portrait"", ""score"": 0.8332}","{""tag"": ""Portret"", ""score"": 0.8259}","{""tag"": ""portret"", ""score"": 0.8244}","{""tag"": ""portret van een onbekende"", ""score"": 0.8237}","{""tag"": ""Jacques-Louis David"", ""score"": 0.8208}","{""tag"": ""Mona Lisa"", ""score"": 0.8208}","{""tag"": ""abstract"", ""score"": 0.8203}","{""tag"": ""man"", ""score"": 0.8202}","{""tag"": ""/ portret van een onbekende"", ""score"": 0.8175}","{""tag"": ""landschap op achtergrond / portret van een onbekende"", ""score"": 0.816}"
"10000 / 157","De mijnwerker","Constantin Meunier","{""tag"": ""abstract"", ""score"": 0.8437}","{""tag"": ""relief"", ""score"": 0.8346}","{""tag"": ""man"", ""score"": 0.8323}","{""tag"": ""figure"", ""score"": 0.8249}","{""tag"": ""arts"", ""score"": 0.8241}","{""tag"": ""homme"", ""score"": 0.822}","{""tag"": ""portrait"", ""score"": 0.8206}","{""tag"": ""silhouet"", ""score"": 0.8193}","{""tag"": ""kunst"", ""score"": 0.8185}","{""tag"": ""hand"", ""score"": 0.8177}"
"3637","De volkstelling te Bethlehem","Pieter I Bruegel","{""tag"": ""Jan Brueghel I"", ""score"": 0.8644}","{""tag"": ""Pieter II Brueghel"", ""score"": 0.859}","{""tag"": ""winter"", ""score"": 0.8505}","{""tag"": ""boerenkiel"", ""score"": 0.829}","{""tag"": ""Aanbidding der herders"", ""score"": 0.8251}","{""tag"": ""de Goede Herder"", ""score"": 0.8249}","{""tag"": ""Peter Paul Rubens"", ""score"": 0.8248}","{""tag"": ""Jan-Frans van Geel"", ""score"": 0.8234}","{""tag"": ""Hans Memling"", ""score"": 0.8233}","{""tag"": ""boerderij"", ""score"": 0.8225}"
"404","Luiken van een triptiek. Voorzijde portretten van Frans Colibrant en Lysbeth Biers, Achterzijde De heilige Franciscus en De heilige Elisabeth van Hongarije","Goossen van der Weyden","{""tag"": ""Engelenburcht"", ""score"": 0.8368}","{""tag"": ""engel"", ""score"": 0.835}","{""tag"": ""Rafael"", ""score"": 0.8348}","{""tag"": ""schilderkunst"", ""score"": 0.8321}","{""tag"": ""abstract"", ""score"": 0.8314}","{""tag"": ""Aartsengel"", ""score"": 0.8312}","{""tag"": ""hemel"", ""score"": 0.8293}","{""tag"": ""fresco"", ""score"": 0.8286}","{""tag"": ""Heilige Geest"", ""score"": 0.8279}","{""tag"": ""Pincio"", ""score"": 0.8273}"
"3230","De collega's","Pierre Oyens","{""tag"": ""abstract"", ""score"": 0.8387}","{""tag"": ""Mona Lisa"", ""score"": 0.8338}","{""tag"": ""atelier"", ""score"": 0.8295}","{""tag"": ""arts"", ""score"": 0.8269}","{""tag"": ""portrait"", ""score"": 0.8266}","{""tag"": ""penseel"", ""score"": 0.8241}","{""tag"": ""Musee Carnavalet"", ""score"": 0.8234}","{""tag"": ""kunstenaarsatelier"", ""score"": 0.8215}","{""tag"": ""\""Etudes passionnelles de decadence\"""", ""score"": 0.8214}","{""tag"": ""scene"", ""score"": 0.8208}"
"10735","Tridim S.P.","Victor Vasarely","{""tag"": ""abstract"", ""score"": 0.8455}","{""tag"": ""kubisme"", ""score"": 0.8191}","{""tag"": ""geometrie"", ""score"": 0.8177}","{""tag"": ""geometrische versiering"", ""score"": 0.8135}","{""tag"": ""arts"", ""score"": 0.8127}","{""tag"": ""geometrisch"", ""score"": 0.8121}","{""tag"": ""kunst"", ""score"": 0.8075}","{""tag"": ""schilderkunst"", ""score"": 0.8072}","{""tag"": ""Musee Carnavalet"", ""score"": 0.8065}","{""tag"": ""scene"", ""score"": 0.8063}"
"8385","Economisch en Sociaal Instituut voor de Middenstand. Belgische scheppende ambachtsbeoefenaars (Woluwe Shopping Center, 04.02 - 08.02.1973)","Sami Alouf ; Sophie Alouf","{""tag"": ""abstract"", ""score"": 0.8488}","{""tag"": ""Salon van Antwerpen"", ""score"": 0.8382}","{""tag"": ""Woluwe"", ""score"": 0.838}","{""tag"": ""kunstgalerij"", ""score"": 0.8299}","{""tag"": ""Paleis voor Schone Kunsten"", ""score"": 0.8268}","{""tag"": ""Grote Markt"", ""score"": 0.8256}","{""tag"": ""markt"", ""score"": 0.8248}","{""tag"": ""Antwerpen"", ""score"": 0.8247}","{""tag"": ""Vogezenplein"", ""score"": 0.8246}","{""tag"": ""Vilvoorde"", ""score"": 0.8244}"
"8375","Cap d'encre. Sept graveurs belges au musee d'Ixelles (Bruxelles, 04.12.1964 - 10.01.1965)","Luc Van Malderen","{""tag"": ""affiche"", ""score"": 0.8338}","{""tag"": ""Musee Carnavalet"", ""score"": 0.8327}","{""tag"": ""penseel"", ""score"": 0.8309}","{""tag"": ""abstract"", ""score"": 0.8305}","{""tag"": ""\""Etudes passionnelles de decadence\"""", ""score"": 0.828}","{""tag"": ""inkt"", ""score"": 0.8276}","{""tag"": ""Jean-Baptiste Carpeaux"", ""score"": 0.8233}","{""tag"": ""Art universel"", ""score"": 0.8232}","{""tag"": ""atelier"", ""score"": 0.8231}","{""tag"": ""cartouche"", ""score"": 0.8222}"
"1295","Vermoedelijk portret van Margareta van Parma (1522-1586), landvoogdes der Nederlanden (1559-1567)","Alonso Sanchez Coello","{""tag"": ""portrait"", ""score"": 0.8338}","{""tag"": ""Renaissance"", ""score"": 0.8333}","{""tag"": ""Maria de' Medici"", ""score"": 0.8327}","{""tag"": ""renaissance"", ""score"": 0.832}","{""tag"": ""Mona Lisa"", ""score"": 0.8272}","{""tag"": ""Isabella van Portugal"", ""score"": 0.8267}","{""tag"": ""vrouw"", ""score"": 0.826}","{""tag"": ""femme"", ""score"": 0.8256}","{""tag"": ""Isabella Clara Eugenia"", ""score"": 0.8251}","{""tag"": ""Portret"", ""score"": 0.8246}"
"12314","Distillerie Luxor, Bruxelles. Elixir. Sus. Advocaat. L'embarras du Choix","Rene Magritte","{""tag"": ""advocaat"", ""score"": 0.8443}","{""tag"": ""drinken"", ""score"": 0.8331}","{""tag"": ""Evian"", ""score"": 0.8324}","{""tag"": ""grote drinkvaas"", ""score"": 0.8323}","{""tag"": ""drinkschaal"", ""score"": 0.8254}","{""tag"": ""alcohol"", ""score"": 0.8251}","{""tag"": ""drank"", ""score"": 0.8251}","{""tag"": ""wijnglas"", ""score"": 0.8234}","{""tag"": ""drinkplaats"", ""score"": 0.8228}","{""tag"": ""Bacchus"", ""score"": 0.82}"
"6655","De nettenherstellers","Gustave Camus","{""tag"": ""abstract"", ""score"": 0.8124}","{""tag"": ""marine"", ""score"": 0.8111}","{""tag"": ""fresco"", ""score"": 0.8109}","{""tag"": ""Visserskaai"", ""score"": 0.8093}","{""tag"": ""net"", ""score"": 0.809}","{""tag"": ""watersport"", ""score"": 0.8082}","{""tag"": ""scene"", ""score"": 0.8077}","{""tag"": ""Mona Lisa"", ""score"": 0.8067}","{""tag"": ""Oceanie"", ""score"": 0.8057}","{""tag"": ""man"", ""score"": 0.8038}"
"4060 / 1500","Het kasteel Hernen - (Verso) Schets van een huis","Abraham de Haen (II)","{""tag"": ""kasteel"", ""score"": 0.8473}","{""tag"": ""architecture"", ""score"": 0.8323}","{""tag"": ""villa"", ""score"": 0.8288}","{""tag"": ""pergola"", ""score"": 0.8271}","{""tag"": ""Eiffeltoren"", ""score"": 0.8271}","{""tag"": ""villa Borghese"", ""score"": 0.8249}","{""tag"": ""Musee Carnavalet"", ""score"": 0.8243}","{""tag"": ""hertogelijk kasteel van Tervuren"", ""score"": 0.8238}","{""tag"": ""Ter Arkengesticht"", ""score"": 0.8235}","{""tag"": ""architectuuur"", ""score"": 0.8232}"
"3896","De bezetenen van Gerasa","Lucas van Valckenborch","{""tag"": ""water"", ""score"": 0.8217}","{""tag"": ""scene"", ""score"": 0.8191}","{""tag"": ""abstract"", ""score"": 0.8163}","{""tag"": ""Gustave Courbet"", ""score"": 0.8139}","{""tag"": ""watersport"", ""score"": 0.8128}","{""tag"": ""landschap op achtergrond / portret van een onbekende"", ""score"": 0.8127}","{""tag"": ""Oceanie"", ""score"": 0.8115}","{""tag"": ""marine"", ""score"": 0.8113}","{""tag"": ""rivierkreef"", ""score"": 0.8092}","{""tag"": ""fresco"", ""score"": 0.8092}"
"6908","Triptiek met het Laatste Avondmaal. Middenpaneel : Het Laatste Avondmaal ; linkerluik : Het afscheid van Jezus van zijn moeder ; rechterluik : De voetwassing","Meester van de von Groote-aanbidding","{""tag"": ""Laatste Avondmaal"", ""score"": 0.8525}","{""tag"": ""Judas Iskariot"", ""score"": 0.8418}","{""tag"": ""Jezus"", ""score"": 0.8412}","{""tag"": ""Judas"", ""score"": 0.8408}","{""tag"": ""Eucharistie"", ""score"": 0.833}","{""tag"": ""Christus"", ""score"": 0.8324}","{""tag"": ""Geseling van Christus"", ""score"": 0.8297}","{""tag"": ""eucharistie"", ""score"": 0.8291}","{""tag"": ""Verrijzenis van Christus"", ""score"": 0.8266}","{""tag"": ""Oud Testament"", ""score"": 0.8253}"
"10440 / 17","Design from Belgium (the Design Centre, London, 26.03 - 26.04.1969)","Michel Olyff","{""tag"": ""abstract"", ""score"": 0.8332}","{""tag"": ""affiche"", ""score"": 0.8237}","{""tag"": ""Brussel"", ""score"": 0.8195}","{""tag"": ""Salon van Antwerpen"", ""score"": 0.8179}","{""tag"": ""geometrie"", ""score"": 0.8173}","{""tag"": ""tentoonstelling"", ""score"": 0.8169}","{""tag"": ""Antwerpen"", ""score"": 0.8169}","{""tag"": ""Paleis voor Schone Kunsten"", ""score"": 0.8156}","{""tag"": ""Wereldtentoonstelling"", ""score"": 0.8153}","{""tag"": ""Belgique II"", ""score"": 0.8147}"
"12316","Jonge meisjes in de kerk","Constantin Meunier","{""tag"": ""lamp"", ""score"": 0.8513}","{""tag"": ""olielamp"", ""score"": 0.8361}","{""tag"": ""licht"", ""score"": 0.8357}","{""tag"": ""verlichting"", ""score"": 0.8331}","{""tag"": ""heilige Lucia"", ""score"": 0.8325}","{""tag"": ""religieuze scene"", ""score"": 0.8318}","{""tag"": ""kandelaber"", ""score"": 0.8308}","{""tag"": ""religieuze vrouw"", ""score"": 0.8302}","{""tag"": ""maanlicht"", ""score"": 0.8292}","{""tag"": ""oude vrouw"", ""score"": 0.8271}"
"4101 A","Charles Malaise, beeldhouwer en conservator van het Museum van Brussel (1775-1836)","Gilles-Lambert Godecharle","{""tag"": ""buste"", ""score"": 0.8422}","{""tag"": ""statue"", ""score"": 0.8207}","{""tag"": ""portrait"", ""score"": 0.8175}","{""tag"": ""man"", ""score"": 0.8174}","{""tag"": ""torso"", ""score"": 0.8172}","{""tag"": ""humanisme"", ""score"": 0.8145}","{""tag"": ""Socrates"", ""score"": 0.8142}","{""tag"": ""abstract"", ""score"": 0.8138}","{""tag"": ""homme"", ""score"": 0.8121}","{""tag"": ""arts"", ""score"": 0.811}"
"1448","De gerechtigheid van keizer Otto: De vuurproef","Dirk Bouts","{""tag"": ""scene"", ""score"": 0.8274}","{""tag"": ""tiara"", ""score"": 0.825}","{""tag"": ""decor"", ""score"": 0.8245}","{""tag"": ""Renaissance"", ""score"": 0.8243}","{""tag"": ""renaissance"", ""score"": 0.8241}","{""tag"": ""portrait"", ""score"": 0.8236}","{""tag"": ""arts"", ""score"": 0.8234}","{""tag"": ""abstract"", ""score"": 0.8233}","{""tag"": ""Diego Velazquez"", ""score"": 0.8232}","{""tag"": ""fresco"", ""score"": 0.8224}"
"8370","Imperial Airways","Marc Severin","{""tag"": ""vliegtuig"", ""score"": 0.8426}","{""tag"": ""luchtschip"", ""score"": 0.839}","{""tag"": ""ongewoon luchtvaartuig"", ""score"": 0.8333}","{""tag"": ""ruimtevaartuig"", ""score"": 0.8256}","{""tag"": ""aerostaat"", ""score"": 0.8247}","{""tag"": ""vlieg"", ""score"": 0.8242}","{""tag"": ""raaf"", ""score"": 0.8237}","{""tag"": ""watersport"", ""score"": 0.8237}","{""tag"": ""abstract"", ""score"": 0.8237}","{""tag"": ""vertrek"", ""score"": 0.8213}"
"8638","Portret van Juffrouw Helene de Burlet","Jacques de Lalaing","{""tag"": ""Mona Lisa"", ""score"": 0.8314}","{""tag"": ""femme"", ""score"": 0.8299}","{""tag"": ""abstract"", ""score"": 0.8298}","{""tag"": ""portrait"", ""score"": 0.8258}","{""tag"": ""Camille Pissarro"", ""score"": 0.8187}","{""tag"": ""Madame Recamier"", ""score"": 0.8178}","{""tag"": ""arts"", ""score"": 0.8165}","{""tag"": ""Claude Renoir"", ""score"": 0.8164}","{""tag"": ""Louise Riesener"", ""score"": 0.816}","{""tag"": ""Portret"", ""score"": 0.8146}"
"9712","Stervende moeder","Felix De Boeck","{""tag"": ""abstract"", ""score"": 0.8481}","{""tag"": ""Mona Lisa"", ""score"": 0.8237}","{""tag"": ""arts"", ""score"": 0.819}","{""tag"": ""penseel"", ""score"": 0.8169}","{""tag"": ""portrait"", ""score"": 0.8165}","{""tag"": ""Art universel"", ""score"": 0.8156}","{""tag"": ""atelier"", ""score"": 0.8134}","{""tag"": ""fresco"", ""score"": 0.8133}","{""tag"": ""kubisme"", ""score"": 0.8133}","{""tag"": ""figure"", ""score"": 0.8118}"
"6001","De bekoring van de heilige Antonius","Pieter Huys (navolger van)","{""tag"": ""chaos"", ""score"": 0.8301}","{""tag"": ""Vrouw der Weeen"", ""score"": 0.8282}","{""tag"": ""scene"", ""score"": 0.8282}","{""tag"": ""militaire scene"", ""score"": 0.8273}","{""tag"": ""abstract"", ""score"": 0.8264}","{""tag"": ""historische scene"", ""score"": 0.8245}","{""tag"": ""fresco"", ""score"": 0.8232}","{""tag"": ""mythologische scene"", ""score"": 0.823}","{""tag"": ""femme"", ""score"": 0.8228}","{""tag"": ""vrouw"", ""score"": 0.8223}"
"11389","Venus zit schrijlings op een sater","Dirck de Quade van Ravesteyn","{""tag"": ""faun"", ""score"": 0.8501}","{""tag"": ""centaur"", ""score"": 0.8405}","{""tag"": ""mythologische scene"", ""score"": 0.8388}","{""tag"": ""bacchante"", ""score"": 0.8384}","{""tag"": ""Eros"", ""score"": 0.8348}","{""tag"": ""putto"", ""score"": 0.8329}","{""tag"": ""Bacchus"", ""score"": 0.8326}","{""tag"": ""Daphnis en Chloe"", ""score"": 0.8314}","{""tag"": ""Bacchanaal"", ""score"": 0.8283}","{""tag"": ""Cupido"", ""score"": 0.8281}"
"376","Triptiek met de aanbidding der wijzen. Middenpaneel : De aanbidding der wijzen ; linkerluik : De geboorte ; rechterluik : De vlucht naar Egypte","Meester van de Brusselse Aanbidding der Wijzen","{""tag"": ""Maria Magdalena"", ""score"": 0.8571}","{""tag"": ""Geboorte van de heilige Maagd"", ""score"": 0.8529}","{""tag"": ""Maria"", ""score"": 0.8514}","{""tag"": ""Santa Maria la Nuova"", ""score"": 0.8511}","{""tag"": ""de Maagd met het Kind"", ""score"": 0.8505}","{""tag"": ""heilige Maria-Magdalena"", ""score"": 0.8502}","{""tag"": ""Maagd met het Kind"", ""score"": 0.8484}","{""tag"": ""Bethlehem"", ""score"": 0.8483}","{""tag"": ""Maagd"", ""score"": 0.8468}","{""tag"": ""heilige Maria Magdalena"", ""score"": 0.8467}"
"1184","Landschap","Joseph Perlau","{""tag"": ""herder"", ""score"": 0.811}","{""tag"": ""Jan Brueghel I"", ""score"": 0.8096}","{""tag"": ""Lambert van Overschie"", ""score"": 0.8069}","{""tag"": ""herderin"", ""score"": 0.8068}","{""tag"": ""landschap op de achtergrond"", ""score"": 0.8067}","{""tag"": ""houten paard"", ""score"": 0.8065}","{""tag"": ""Erymantisch zwijn"", ""score"": 0.8062}","{""tag"": ""landschap op achtergrond"", ""score"": 0.8058}","{""tag"": ""Lambert de Liverlo"", ""score"": 0.8052}","{""tag"": ""Lambert van der Horst"", ""score"": 0.8043}"
"11580","Drie studies van een naakte vrouw op de rug gezien","Rik Wouters","{""tag"": ""femme"", ""score"": 0.8375}","{""tag"": ""abstract"", ""score"": 0.8325}","{""tag"": ""Camille Desmoulins"", ""score"": 0.8232}","{""tag"": ""\""Etudes passionnelles de decadence\"""", ""score"": 0.8208}","{""tag"": ""Paulette Deman"", ""score"": 0.8192}","{""tag"": ""Nancy"", ""score"": 0.818}","{""tag"": ""vrouw"", ""score"": 0.8175}","{""tag"": ""Musee Carnavalet"", ""score"": 0.817}","{""tag"": ""Mona Lisa"", ""score"": 0.8163}","{""tag"": ""Mommen"", ""score"": 0.8152}"
"3205","'s Winters","Jules Montigny","{""tag"": ""cheval"", ""score"": 0.8375}","{""tag"": ""paard"", ""score"": 0.8359}","{""tag"": ""houten paard"", ""score"": 0.8292}","{""tag"": ""paardemolen"", ""score"": 0.8243}","{""tag"": ""herder"", ""score"": 0.8226}","{""tag"": ""rijdier-transport"", ""score"": 0.8218}","{""tag"": ""paardenstaart"", ""score"": 0.819}","{""tag"": ""herderin"", ""score"": 0.8172}","{""tag"": ""abstract"", ""score"": 0.8135}","{""tag"": ""weide"", ""score"": 0.813}"
"6393","Parijse boulevard","Edwin Scott","{""tag"": ""Norrlandsgatan"", ""score"": 0.8405}","{""tag"": ""Stockholm"", ""score"": 0.8248}","{""tag"": ""straat"", ""score"": 0.8242}","{""tag"": ""Musee Carnavalet"", ""score"": 0.8232}","{""tag"": ""Gustave Courbet"", ""score"": 0.8228}","{""tag"": ""Barbizon"", ""score"": 0.8197}","{""tag"": ""the Strand"", ""score"": 0.8186}","{""tag"": ""abstract"", ""score"": 0.8178}","{""tag"": ""ville"", ""score"": 0.8178}","{""tag"": ""scene"", ""score"": 0.8175}"
"10014","Visueel onderzoek","Jean-Pierre Yvaral","{""tag"": ""abstract"", ""score"": 0.8456}","{""tag"": ""geometrie"", ""score"": 0.8129}","{""tag"": ""kubisme"", ""score"": 0.812}","{""tag"": ""scene"", ""score"": 0.8117}","{""tag"": ""arts"", ""score"": 0.8101}","{""tag"": ""Barbizon"", ""score"": 0.8079}","{""tag"": ""Mona Lisa"", ""score"": 0.807}","{""tag"": ""atelier"", ""score"": 0.8063}","{""tag"": ""kunstgalerij"", ""score"": 0.8062}","{""tag"": ""/ scene"", ""score"": 0.8061}"
"3326","Pauselijke lijfwacht","Nazzareno Cipriani","{""tag"": ""soldat"", ""score"": 0.8385}","{""tag"": ""militaire scene"", ""score"": 0.8366}","{""tag"": ""palissade"", ""score"": 0.8354}","{""tag"": ""Jacques-Louis David"", ""score"": 0.8193}","{""tag"": ""cartouche"", ""score"": 0.8182}","{""tag"": ""villa Borghese"", ""score"": 0.8181}","{""tag"": ""citadel"", ""score"": 0.818}","{""tag"": ""schilderkunst"", ""score"": 0.818}","{""tag"": ""Pincio"", ""score"": 0.8169}","{""tag"": ""officier"", ""score"": 0.8167}"
"10784","Meierij bij Evian","Jan Frans Legillon","{""tag"": ""pergola"", ""score"": 0.8388}","{""tag"": ""Jacques Francart"", ""score"": 0.8317}","{""tag"": ""Barbizon"", ""score"": 0.8296}","{""tag"": ""Jacques-Louis David"", ""score"": 0.8271}","{""tag"": ""Jean-Baptiste-Camille Corot"", ""score"": 0.8268}","{""tag"": ""Camille Pissarro"", ""score"": 0.826}","{""tag"": ""Jean Charles Houzeau"", ""score"": 0.8254}","{""tag"": ""Gustave Courbet"", ""score"": 0.8253}","{""tag"": ""Puvis de Chavannes"", ""score"": 0.8239}","{""tag"": ""villa Borghese"", ""score"": 0.822}"
"12379","Voorbereidende studie voor ""Lino V""","Jozef Peeters","{""tag"": ""abstract"", ""score"": 0.8493}","{""tag"": ""geometrie"", ""score"": 0.8274}","{""tag"": ""plan"", ""score"": 0.8204}","{""tag"": ""geometrisch"", ""score"": 0.8197}","{""tag"": ""kubisme"", ""score"": 0.8185}","{""tag"": ""plafond"", ""score"": 0.8162}","{""tag"": ""arts"", ""score"": 0.8161}","{""tag"": ""atelier"", ""score"": 0.8159}","{""tag"": ""architecture"", ""score"": 0.813}","{""tag"": ""kunstgalerij"", ""score"": 0.8125}"
"12380","Voorbereidende studie voor een schilderij","Jozef Peeters","{""tag"": ""abstract"", ""score"": 0.8543}","{""tag"": ""geometrie"", ""score"": 0.8415}","{""tag"": ""geometrisch"", ""score"": 0.8334}","{""tag"": ""kubisme"", ""score"": 0.8258}","{""tag"": ""geometrische versiering"", ""score"": 0.8226}","{""tag"": ""arts"", ""score"": 0.8215}","{""tag"": ""scene"", ""score"": 0.8199}","{""tag"": ""triangel"", ""score"": 0.8174}","{""tag"": ""atelier"", ""score"": 0.8163}","{""tag"": ""kunst"", ""score"": 0.8159}"
"4060 / 528","De farao en zijn leger verdrinkend in de Rode Zee","Jean I Cousin (Jean Cousin de Oude)","{""tag"": ""abstract"", ""score"": 0.8451}","{""tag"": ""hemel"", ""score"": 0.8248}","{""tag"": ""Jacob Jordaens"", ""score"": 0.8231}","{""tag"": ""kosmos"", ""score"": 0.8228}","{""tag"": ""borduursel"", ""score"": 0.8224}","{""tag"": ""kubisme"", ""score"": 0.8223}","{""tag"": ""cirkel"", ""score"": 0.8223}","{""tag"": ""scene"", ""score"": 0.8219}","{""tag"": ""schilderkunst"", ""score"": 0.8218}","{""tag"": ""arts"", ""score"": 0.821}"
"1429","Barabbas aan de voet van de calvarie","Alexandre Thomas","{""tag"": ""Lazarus"", ""score"": 0.8495}","{""tag"": ""Pieta"", ""score"": 0.8492}","{""tag"": ""Jezus"", ""score"": 0.8471}","{""tag"": ""Geseling van Christus"", ""score"": 0.8457}","{""tag"": ""Le Mort"", ""score"": 0.8426}","{""tag"": ""Golgotha"", ""score"": 0.8414}","{""tag"": ""Christus"", ""score"": 0.8412}","{""tag"": ""Afscheid van Jezus van zijn moeder"", ""score"": 0.84}","{""tag"": ""heilige Lazarus"", ""score"": 0.8383}","{""tag"": ""Verrijzenis van Christus"", ""score"": 0.8375}"
"4060 / 4249","Zittende vrouw voor een spiegel","Ferdinand Bol","{""tag"": ""femme"", ""score"": 0.8282}","{""tag"": ""abstract"", ""score"": 0.8275}","{""tag"": ""Mona Lisa"", ""score"": 0.8242}","{""tag"": ""interieur"", ""score"": 0.8234}","{""tag"": ""vrouw"", ""score"": 0.8215}","{""tag"": ""Meditationes in Vitam Christi"", ""score"": 0.8212}","{""tag"": ""portrait"", ""score"": 0.8184}","{""tag"": ""meditatie"", ""score"": 0.8179}","{""tag"": ""religieuze vrouw"", ""score"": 0.8172}","{""tag"": ""oude vrouw"", ""score"": 0.8171}"
"10076 / 14","Ijzer","Achille Van Sassenbrouck","{""tag"": ""ruine"", ""score"": 0.8319}","{""tag"": ""abstract"", ""score"": 0.8301}","{""tag"": ""Gustave Courbet"", ""score"": 0.8239}","{""tag"": ""landschap op achtergrond / portret van een onbekende"", ""score"": 0.8209}","{""tag"": ""Depaysage"", ""score"": 0.8202}","{""tag"": ""water"", ""score"": 0.8194}","{""tag"": ""Vieil Heidelberg"", ""score"": 0.8183}","{""tag"": ""scene"", ""score"": 0.8172}","{""tag"": ""aquaduct"", ""score"": 0.8169}","{""tag"": ""rivier"", ""score"": 0.8163}"
"10076 / 15","Bruggetje te Nieuwpoort","Achille Van Sassenbrouck","{""tag"": ""abstract"", ""score"": 0.8261}","{""tag"": ""Le Havre"", ""score"": 0.8228}","{""tag"": ""ruine"", ""score"": 0.8218}","{""tag"": ""rust"", ""score"": 0.8185}","{""tag"": ""pier"", ""score"": 0.8164}","{""tag"": ""Depaysage"", ""score"": 0.8138}","{""tag"": ""water"", ""score"": 0.8137}","{""tag"": ""the Strand"", ""score"": 0.8132}","{""tag"": ""Gustave Courbet"", ""score"": 0.8111}","{""tag"": ""Visserskaai"", ""score"": 0.811}"
"12527","Waterloo forever!","Koen Theys","{""tag"": ""militaire scene"", ""score"": 0.8748}","{""tag"": ""soldat"", ""score"": 0.8638}","{""tag"": ""infanterie"", ""score"": 0.8443}","{""tag"": ""cavalerie"", ""score"": 0.8368}","{""tag"": ""soldaat"", ""score"": 0.8333}","{""tag"": ""artillerie"", ""score"": 0.8327}","{""tag"": ""troepenbeweging"", ""score"": 0.8318}","{""tag"": ""militaire chef"", ""score"": 0.8316}","{""tag"": ""militair bevelhebber"", ""score"": 0.8305}","{""tag"": ""Jacques-Louis David"", ""score"": 0.83}"
"6604","Landschap","Albert Servaes","{""tag"": ""winter"", ""score"": 0.855}","{""tag"": ""abstract"", ""score"": 0.8362}","{""tag"": ""sneeuw"", ""score"": 0.8228}","{""tag"": ""stilte"", ""score"": 0.8194}","{""tag"": ""Gustave Courbet"", ""score"": 0.8193}","{""tag"": ""Jan Brueghel I"", ""score"": 0.8191}","{""tag"": ""gletsjer"", ""score"": 0.8161}","{""tag"": ""Norrlandsgatan"", ""score"": 0.815}","{""tag"": ""scene"", ""score"": 0.815}","{""tag"": ""landschap"", ""score"": 0.8144}"
"11583","Het plukken van paddestoelen (Nel, Rik en Stans)","Rik Wouters","{""tag"": ""arbeider"", ""score"": 0.8304}","{""tag"": ""landbouwer"", ""score"": 0.8279}","{""tag"": ""tuinman"", ""score"": 0.8258}","{""tag"": ""abstract"", ""score"": 0.8248}","{""tag"": ""arbeid"", ""score"": 0.8228}","{""tag"": ""Jan Brueghel I"", ""score"": 0.8173}","{""tag"": ""tractor"", ""score"": 0.8172}","{""tag"": ""Gustave Courbet"", ""score"": 0.8165}","{""tag"": ""landbouw"", ""score"": 0.8155}","{""tag"": ""laboratorium"", ""score"": 0.8151}"
"4753","Voorzijde : De heilige Alexis ; keerzijde : De heilige Mattheus","Brusselse anonieme meester","{""tag"": ""ladder"", ""score"": 0.8293}","{""tag"": ""Mona Lisa"", ""score"": 0.8239}","{""tag"": ""Heilige Geest"", ""score"": 0.8235}","{""tag"": ""Saint-Jean-de-Luz"", ""score"": 0.8226}","{""tag"": ""heilige Christoffel"", ""score"": 0.8219}","{""tag"": ""abstract"", ""score"": 0.8215}","{""tag"": ""Geseling van Christus"", ""score"": 0.8207}","{""tag"": ""Peter Paul Rubens"", ""score"": 0.8201}","{""tag"": ""altaar"", ""score"": 0.82}","{""tag"": ""heilige Geest"", ""score"": 0.8197}"
"6987","De Theems te Londen. November, 's middags","Emile Claus","{""tag"": ""rivier"", ""score"": 0.8358}","{""tag"": ""Waterloo Bridge"", ""score"": 0.8348}","{""tag"": ""Seine"", ""score"": 0.8269}","{""tag"": ""water"", ""score"": 0.824}","{""tag"": ""Pont des Arts"", ""score"": 0.8195}","{""tag"": ""landschap op achtergrond / portret van een onbekende"", ""score"": 0.8186}","{""tag"": ""watersport"", ""score"": 0.8186}","{""tag"": ""abstract"", ""score"": 0.8185}","{""tag"": ""Gustave Courbet"", ""score"": 0.8177}","{""tag"": ""aquaduct"", ""score"": 0.8174}"
"6999","De azalea's te Kew","Emile Claus","{""tag"": ""dahlia"", ""score"": 0.84}","{""tag"": ""in bloei"", ""score"": 0.8386}","{""tag"": ""Flora Reyntiens"", ""score"": 0.8336}","{""tag"": ""Flora"", ""score"": 0.8328}","{""tag"": ""tuin"", ""score"": 0.832}","{""tag"": ""boeket"", ""score"": 0.831}","{""tag"": ""azalea"", ""score"": 0.8291}","{""tag"": ""tuinvaas"", ""score"": 0.8286}","{""tag"": ""geranium"", ""score"": 0.8274}","{""tag"": ""bloem"", ""score"": 0.8269}"
"2007 / 4","De triomf van Christus IV","Antoine Wiertz","{""tag"": ""abstract"", ""score"": 0.8313}","{""tag"": ""licht"", ""score"": 0.8299}","{""tag"": ""lamp"", ""score"": 0.8282}","{""tag"": ""chaos"", ""score"": 0.8268}","{""tag"": ""Metamorphosen"", ""score"": 0.8238}","{""tag"": ""verluchting"", ""score"": 0.8237}","{""tag"": ""kubisme"", ""score"": 0.822}","{""tag"": ""lichtstralen"", ""score"": 0.8214}","{""tag"": ""Lucifer"", ""score"": 0.8199}","{""tag"": ""olielamp"", ""score"": 0.8191}"
"9611","De aftocht","Felix De Boeck","{""tag"": ""militaire scene"", ""score"": 0.8278}","{""tag"": ""soldat"", ""score"": 0.8242}","{""tag"": ""abstract"", ""score"": 0.8231}","{""tag"": ""Weissenhofsiedlung"", ""score"": 0.8195}","{""tag"": ""landschap op achtergrond / portret van een onbekende"", ""score"": 0.8186}","{""tag"": ""villa"", ""score"": 0.8185}","{""tag"": ""Gustave Courbet"", ""score"": 0.8182}","{""tag"": ""Vieil Heidelberg"", ""score"": 0.8161}","{""tag"": ""Camille Pissarro"", ""score"": 0.8158}","{""tag"": ""dorpsgezicht"", ""score"": 0.8152}"
"7818","De vrouw met de uil","Charles Doudelet","{""tag"": ""lamp"", ""score"": 0.834}","{""tag"": ""olielamp"", ""score"": 0.8321}","{""tag"": ""Mona Lisa"", ""score"": 0.823}","{""tag"": ""Wolf"", ""score"": 0.8227}","{""tag"": ""abstract"", ""score"": 0.8223}","{""tag"": ""wolf"", ""score"": 0.8213}","{""tag"": ""Lenore"", ""score"": 0.82}","{""tag"": ""wolk"", ""score"": 0.8186}","{""tag"": ""Laocoon"", ""score"": 0.8162}","{""tag"": ""femme"", ""score"": 0.8159}"
"1330","Du Quesnoy-Van der Tommentriptiek","Meester van de Magdalenalegende","{""tag"": ""Gabriel"", ""score"": 0.8591}","{""tag"": ""Maria"", ""score"": 0.8466}","{""tag"": ""heilige Gabriel"", ""score"": 0.8457}","{""tag"": ""Maria Magdalena"", ""score"": 0.8436}","{""tag"": ""Pieta"", ""score"": 0.8412}","{""tag"": ""Maria Gamel"", ""score"": 0.8411}","{""tag"": ""triangel"", ""score"": 0.8398}","{""tag"": ""heilige Maria-Magdalena"", ""score"": 0.8388}","{""tag"": ""fresco"", ""score"": 0.8373}","{""tag"": ""Aartsengel"", ""score"": 0.837}"
"4060 / 3940","De heilige Johannes de Evangelist in de kokende olie","Frans I Floris","{""tag"": ""Pieta"", ""score"": 0.8405}","{""tag"": ""abstract"", ""score"": 0.8387}","{""tag"": ""Christus"", ""score"": 0.8346}","{""tag"": ""Verrijzenis van Christus"", ""score"": 0.8343}","{""tag"": ""fresco"", ""score"": 0.8342}","{""tag"": ""scene"", ""score"": 0.8339}","{""tag"": ""Jezus"", ""score"": 0.8325}","{""tag"": ""figure"", ""score"": 0.8308}","{""tag"": ""Mona Lisa"", ""score"": 0.8306}","{""tag"": ""Geseling van Christus"", ""score"": 0.8306}"
"3449","Mannenportret","Henry Raeburn","{""tag"": ""portrait"", ""score"": 0.8468}","{""tag"": ""Portret"", ""score"": 0.837}","{""tag"": ""portret"", ""score"": 0.8355}","{""tag"": ""man"", ""score"": 0.8355}","{""tag"": ""Jacques-Louis David"", ""score"": 0.8315}","{""tag"": ""homme"", ""score"": 0.8312}","{""tag"": ""portret van een onbekende"", ""score"": 0.8303}","{""tag"": ""/ portret van een onbekende"", ""score"": 0.8279}","{""tag"": ""landschap op achtergrond / portret van een onbekende"", ""score"": 0.8271}","{""tag"": ""personage"", ""score"": 0.8256}"
"6910 / 18","Merrie en veulen","Hubert Malfait","{""tag"": ""paard"", ""score"": 0.8365}","{""tag"": ""cheval"", ""score"": 0.8334}","{""tag"": ""houten paard"", ""score"": 0.8296}","{""tag"": ""abstract"", ""score"": 0.826}","{""tag"": ""paardenstaart"", ""score"": 0.8233}","{""tag"": ""herderin"", ""score"": 0.8165}","{""tag"": ""Pegasus"", ""score"": 0.8161}","{""tag"": ""paardemolen"", ""score"": 0.8156}","{""tag"": ""faun"", ""score"": 0.8155}","{""tag"": ""landschap op achtergrond / portret van een onbekende"", ""score"": 0.814}"
"10813","Reizigers steken een bergrivier over","Zuid-Nederlandse school ca. 1600","{""tag"": ""abstract"", ""score"": 0.8385}","{""tag"": ""scene"", ""score"": 0.8373}","{""tag"": ""landschap op achtergrond / portret van een onbekende"", ""score"": 0.8343}","{""tag"": ""landschap"", ""score"": 0.8315}","{""tag"": ""stilte"", ""score"": 0.8304}","{""tag"": ""landschap op achtergrond"", ""score"": 0.8295}","{""tag"": ""landschap op de achtergrond"", ""score"": 0.8294}","{""tag"": ""fresco"", ""score"": 0.8293}","{""tag"": ""arts"", ""score"": 0.8292}","{""tag"": ""vellen van bomen"", ""score"": 0.8275}"
"3524","In Holland, maneschijn","Alexandre Marcette","{""tag"": ""abstract"", ""score"": 0.8301}","{""tag"": ""Le Havre"", ""score"": 0.8292}","{""tag"": ""L'isolement"", ""score"": 0.8276}","{""tag"": ""lamp"", ""score"": 0.8252}","{""tag"": ""Oceanie"", ""score"": 0.8248}","{""tag"": ""licht"", ""score"": 0.8245}","{""tag"": ""zeilboot"", ""score"": 0.8236}","{""tag"": ""zeilschip"", ""score"": 0.8222}","{""tag"": ""Mona Lisa"", ""score"": 0.8222}","{""tag"": ""water"", ""score"": 0.8202}"
"9616","Dans","Felix De Boeck","{""tag"": ""abstract"", ""score"": 0.8504}","{""tag"": ""danser"", ""score"": 0.8325}","{""tag"": ""Art libre"", ""score"": 0.8246}","{""tag"": ""Auguste Danse"", ""score"": 0.8244}","{""tag"": ""arts"", ""score"": 0.8217}","{""tag"": ""Mona Lisa"", ""score"": 0.8214}","{""tag"": ""Diego Velazquez"", ""score"": 0.82}","{""tag"": ""Musee Carnavalet"", ""score"": 0.819}","{""tag"": ""Flamenco"", ""score"": 0.8182}","{""tag"": ""femme"", ""score"": 0.8171}"
"8636","Allegorische figuur","Anto Carte","{""tag"": ""Flora Reyntiens"", ""score"": 0.8359}","{""tag"": ""femme"", ""score"": 0.8324}","{""tag"": ""Flora"", ""score"": 0.8321}","{""tag"": ""abstract"", ""score"": 0.8307}","{""tag"": ""tuinvaas"", ""score"": 0.8285}","{""tag"": ""boeket"", ""score"": 0.8274}","{""tag"": ""vrouw"", ""score"": 0.825}","{""tag"": ""dahlia"", ""score"": 0.8245}","{""tag"": ""orchidee"", ""score"": 0.8239}","{""tag"": ""Vrouw der Weeen"", ""score"": 0.8203}"
"2003 / 6","De opstand van de Hel VI","Antoine Wiertz","{""tag"": ""chaos"", ""score"": 0.8399}","{""tag"": ""abstract"", ""score"": 0.8358}","{""tag"": ""angst"", ""score"": 0.8241}","{""tag"": ""Metamorphosen"", ""score"": 0.8222}","{""tag"": ""Metamorfosen"", ""score"": 0.8187}","{""tag"": ""scene"", ""score"": 0.8176}","{""tag"": ""strijd"", ""score"": 0.8159}","{""tag"": ""kubisme"", ""score"": 0.8154}","{""tag"": ""groteske"", ""score"": 0.8144}","{""tag"": ""kunst"", ""score"": 0.8131}"
"9713","Dodenmasker","Felix De Boeck","{""tag"": ""hand"", ""score"": 0.8487}","{""tag"": ""Menselijke passies"", ""score"": 0.8216}","{""tag"": ""handschoen"", ""score"": 0.8195}","{""tag"": ""Joachim Lelewel"", ""score"": 0.8171}","{""tag"": ""Mona Lisa"", ""score"": 0.8149}","{""tag"": ""abstract"", ""score"": 0.8145}","{""tag"": ""leunend op de ellebogen"", ""score"": 0.8133}","{""tag"": ""omhelzing"", ""score"": 0.813}","{""tag"": ""handgebaar"", ""score"": 0.8129}","{""tag"": ""op handen en voeten"", ""score"": 0.8129}"
"4338","Portret van kunstschilder Henri Evenepoel","Charles Edmond Theodore Milcendeau","{""tag"": ""piano"", ""score"": 0.859}","{""tag"": ""Beethoven"", ""score"": 0.822}","{""tag"": ""musicus"", ""score"": 0.8212}","{""tag"": ""spinet"", ""score"": 0.8165}","{""tag"": ""cello"", ""score"": 0.8161}","{""tag"": ""muziekintrument"", ""score"": 0.816}","{""tag"": ""violist"", ""score"": 0.8153}","{""tag"": ""abstract"", ""score"": 0.815}","{""tag"": ""partituur"", ""score"": 0.8117}","{""tag"": ""Mona Lisa"", ""score"": 0.8111}"
"6277","Portret van Jacques della Faille genaamd Le Vieil, heer van Dovie, Bucquerie en Westbroeck","Cornelis Jacobsz. de Zeeu(w)","{""tag"": ""portrait"", ""score"": 0.8413}","{""tag"": ""Renaissance"", ""score"": 0.8409}","{""tag"": ""renaissance"", ""score"": 0.8401}","{""tag"": ""Portret"", ""score"": 0.8334}","{""tag"": ""portret"", ""score"": 0.8322}","{""tag"": ""Duc de Richelieu"", ""score"": 0.8295}","{""tag"": ""Jacob Jordaens"", ""score"": 0.8288}","{""tag"": ""Gian Vincenzo Imperiale"", ""score"": 0.8285}","{""tag"": ""Leonardo da Vinci"", ""score"": 0.8282}","{""tag"": ""Rafael"", ""score"": 0.8282}"
"4941","Vogels in een landschap","Roelandt Savery","{""tag"": ""papegaai"", ""score"": 0.8317}","{""tag"": ""vogel"", ""score"": 0.8282}","{""tag"": ""wild"", ""score"": 0.8271}","{""tag"": ""struisvogel"", ""score"": 0.8263}","{""tag"": ""abstract"", ""score"": 0.8263}","{""tag"": ""rooster"", ""score"": 0.8229}","{""tag"": ""fresco"", ""score"": 0.8227}","{""tag"": ""arts"", ""score"": 0.8217}","{""tag"": ""animal"", ""score"": 0.8217}","{""tag"": ""Barbizon"", ""score"": 0.821}"
"11578","De goal-keeper","Rik Wouters","{""tag"": ""jeu de boules"", ""score"": 0.8329}","{""tag"": ""sport"", ""score"": 0.8324}","{""tag"": ""baseball"", ""score"": 0.8282}","{""tag"": ""abstract"", ""score"": 0.825}","{""tag"": ""tennis"", ""score"": 0.8235}","{""tag"": ""ballon"", ""score"": 0.8226}","{""tag"": ""Spectator"", ""score"": 0.8222}","{""tag"": ""Exposition internationale des Sports"", ""score"": 0.8191}","{""tag"": ""groepsportret"", ""score"": 0.8182}","{""tag"": ""artisjok"", ""score"": 0.8167}"
"3789","Portret van mevrouw Jeanne-Clotilde-Charlotte Pauwels-Sainctelette","Emile-Auguste Carolus-Duran","{""tag"": ""femme"", ""score"": 0.8404}","{""tag"": ""\""Etudes passionnelles de decadence\"""", ""score"": 0.8301}","{""tag"": ""Madame Recamier"", ""score"": 0.8251}","{""tag"": ""salon"", ""score"": 0.8211}","{""tag"": ""Manette Salomon"", ""score"": 0.8209}","{""tag"": ""Mona Lisa"", ""score"": 0.8208}","{""tag"": ""Claude Renoir"", ""score"": 0.8208}","{""tag"": ""Musee Carnavalet"", ""score"": 0.8193}","{""tag"": ""sofa"", ""score"": 0.8183}","{""tag"": ""Gustave Courbet"", ""score"": 0.8176}"
"6517","Moederschap","Auguste Renoir","{""tag"": ""moeder"", ""score"": 0.8451}","{""tag"": ""moederliefde"", ""score"": 0.8431}","{""tag"": ""Mommen"", ""score"": 0.8373}","{""tag"": ""enfant"", ""score"": 0.8295}","{""tag"": ""abstract"", ""score"": 0.8243}","{""tag"": ""Maagd met het kind"", ""score"": 0.8224}","{""tag"": ""Maria-Elisabeth"", ""score"": 0.8215}","{""tag"": ""Maagd met het Kind"", ""score"": 0.8205}","{""tag"": ""de Maagd met het Kind"", ""score"": 0.8199}","{""tag"": ""omhelzing"", ""score"": 0.8195}"
"10687","Reeks van vijf kunstenaarsateliers (Barnett Newman, Robert Ryman, Piet Mondriaan, Ad Reinhardt, Josef Albers)","Philippe De Gobert","{""tag"": ""abstract"", ""score"": 0.8441}","{""tag"": ""atelier"", ""score"": 0.8232}","{""tag"": ""interieur"", ""score"": 0.821}","{""tag"": ""kunstgalerij"", ""score"": 0.8209}","{""tag"": ""arts"", ""score"": 0.8189}","{""tag"": ""sofa"", ""score"": 0.8188}","{""tag"": ""kunstenaarsatelier"", ""score"": 0.8186}","{""tag"": ""decor"", ""score"": 0.8185}","{""tag"": ""galerij"", ""score"": 0.818}","{""tag"": ""scene"", ""score"": 0.8175}"
"9627","Masker (cirkels)","Felix De Boeck","{""tag"": ""abstract"", ""score"": 0.8569}","{""tag"": ""kubisme"", ""score"": 0.8306}","{""tag"": ""portrait"", ""score"": 0.8293}","{""tag"": ""Musee Carnavalet"", ""score"": 0.8278}","{""tag"": ""facade"", ""score"": 0.8255}","{""tag"": ""arts"", ""score"": 0.8254}","{""tag"": ""Mona Lisa"", ""score"": 0.8246}","{""tag"": ""Art universel"", ""score"": 0.8221}","{""tag"": ""figure"", ""score"": 0.8221}","{""tag"": ""Art libre"", ""score"": 0.8215}"
"10000 / 99","De schipbreukeling","Constantin Meunier","{""tag"": ""Hercules"", ""score"": 0.8208}","{""tag"": ""statue"", ""score"": 0.8207}","{""tag"": ""figure"", ""score"": 0.817}","{""tag"": ""torso"", ""score"": 0.817}","{""tag"": ""soldat"", ""score"": 0.8162}","{""tag"": ""abstract"", ""score"": 0.8155}","{""tag"": ""militaire scene"", ""score"": 0.8137}","{""tag"": ""armure"", ""score"": 0.8135}","{""tag"": ""Herakles"", ""score"": 0.8124}","{""tag"": ""man"", ""score"": 0.8124}"
"12510","Studie voor ""De verstoten rijke""","Francois-Joseph Navez","{""tag"": ""Jezus"", ""score"": 0.8371}","{""tag"": ""religieuze scene"", ""score"": 0.835}","{""tag"": ""Christus"", ""score"": 0.834}","{""tag"": ""fresco"", ""score"": 0.8339}","{""tag"": ""Geseling van Christus"", ""score"": 0.8324}","{""tag"": ""scene"", ""score"": 0.8324}","{""tag"": ""Pieta"", ""score"": 0.8324}","{""tag"": ""Mona Lisa"", ""score"": 0.8306}","{""tag"": ""arts"", ""score"": 0.8288}","{""tag"": ""abstract"", ""score"": 0.827}"
"1300","Het beleg van Pavia in 1525","Anoniem (Zuid-Nederlandse school)","{""tag"": ""militaire scene"", ""score"": 0.8707}","{""tag"": ""soldat"", ""score"": 0.8488}","{""tag"": ""cavalerie"", ""score"": 0.8466}","{""tag"": ""infanterie"", ""score"": 0.8367}","{""tag"": ""militair bevelhebber"", ""score"": 0.8342}","{""tag"": ""historische scene"", ""score"": 0.8324}","{""tag"": ""strijd"", ""score"": 0.8305}","{""tag"": ""militaire chef"", ""score"": 0.8304}","{""tag"": ""militairbevelhebber"", ""score"": 0.8301}","{""tag"": ""oorlog"", ""score"": 0.8297}"
"3941","De tuinen onder de sneeuw","Gustave-Max Stevens","{""tag"": ""winter"", ""score"": 0.8638}","{""tag"": ""sneeuw"", ""score"": 0.8303}","{""tag"": ""abstract"", ""score"": 0.8295}","{""tag"": ""vellen van bomen"", ""score"": 0.8181}","{""tag"": ""sneeuwklokje"", ""score"": 0.8177}","{""tag"": ""landschap op achtergrond / portret van een onbekende"", ""score"": 0.817}","{""tag"": ""stilte"", ""score"": 0.8147}","{""tag"": ""scene"", ""score"": 0.8144}","{""tag"": ""december"", ""score"": 0.8134}","{""tag"": ""landschap"", ""score"": 0.813}"
"4012","Winterochtend","Isidore Meyers","{""tag"": ""abstract"", ""score"": 0.8217}","{""tag"": ""marine"", ""score"": 0.8197}","{""tag"": ""Oceanie"", ""score"": 0.8192}","{""tag"": ""landschap op achtergrond / portret van een onbekende"", ""score"": 0.8186}","{""tag"": ""watersport"", ""score"": 0.8169}","{""tag"": ""Gustave Courbet"", ""score"": 0.8153}","{""tag"": ""zeilboot"", ""score"": 0.8151}","{""tag"": ""Visserskaai"", ""score"": 0.8138}","{""tag"": ""Depaysage"", ""score"": 0.8136}","{""tag"": ""zeilschip"", ""score"": 0.8132}"
"7120","Hulde aan Vermeer van Delft","Gustave Singier","{""tag"": ""abstract"", ""score"": 0.8538}","{""tag"": ""kosmos"", ""score"": 0.8275}","{""tag"": ""anemoon"", ""score"": 0.8241}","{""tag"": ""silhouet"", ""score"": 0.8225}","{""tag"": ""kubisme"", ""score"": 0.821}","{""tag"": ""Mona Lisa"", ""score"": 0.8206}","{""tag"": ""scene"", ""score"": 0.8193}","{""tag"": ""hemel"", ""score"": 0.8181}","{""tag"": ""astronomie"", ""score"": 0.818}","{""tag"": ""Metamorphosen"", ""score"": 0.8176}"
"6827","Zonsondergang over de Theems, Londen","Emile Claus","{""tag"": ""rivier"", ""score"": 0.8328}","{""tag"": ""landschap op achtergrond / portret van een onbekende"", ""score"": 0.8291}","{""tag"": ""Camille Pissarro"", ""score"": 0.8266}","{""tag"": ""abstract"", ""score"": 0.824}","{""tag"": ""Barbizon"", ""score"": 0.8226}","{""tag"": ""Depaysage"", ""score"": 0.822}","{""tag"": ""Gustave Courbet"", ""score"": 0.8218}","{""tag"": ""landschap op achtergrond"", ""score"": 0.8209}","{""tag"": ""landschap op de achtergrond"", ""score"": 0.8198}","{""tag"": ""Antoine Watteau"", ""score"": 0.8191}"
"2005 / 4","Een grote der aarde IV","Antoine Wiertz","{""tag"": ""man"", ""score"": 0.8241}","{""tag"": ""strijd"", ""score"": 0.8218}","{""tag"": ""abstract"", ""score"": 0.8202}","{""tag"": ""arbeider"", ""score"": 0.8184}","{""tag"": ""Gustave Courbet"", ""score"": 0.8167}","{""tag"": ""chaos"", ""score"": 0.8158}","{""tag"": ""arbeid"", ""score"": 0.8141}","{""tag"": ""homme"", ""score"": 0.8135}","{""tag"": ""Menselijke passies"", ""score"": 0.8128}","{""tag"": ""Metamorfosen"", ""score"": 0.8127}"
"7964","Portret van Edmond Van Dooren","Jozef Peeters","{""tag"": ""portrait"", ""score"": 0.8426}","{""tag"": ""abstract"", ""score"": 0.8371}","{""tag"": ""Portret"", ""score"": 0.8365}","{""tag"": ""portret"", ""score"": 0.8346}","{""tag"": ""portret van een onbekende"", ""score"": 0.8336}","{""tag"": ""/ portret van een onbekende"", ""score"": 0.8324}","{""tag"": ""landschap op achtergrond / portret van een onbekende"", ""score"": 0.8267}","{""tag"": ""zelfportret"", ""score"": 0.8266}","{""tag"": ""/ portret"", ""score"": 0.8244}","{""tag"": ""man"", ""score"": 0.8226}"
"9250","Vrouw aan haar opschik - Verso : Staande vrouw met lange jurk en liggende vrouw (schetsen)","Rik Wouters","{""tag"": ""abstract"", ""score"": 0.848}","{""tag"": ""kubisme"", ""score"": 0.8222}","{""tag"": ""Mona Lisa"", ""score"": 0.8172}","{""tag"": ""Art libre"", ""score"": 0.8154}","{""tag"": ""arts"", ""score"": 0.8153}","{""tag"": ""Rene Magritte"", ""score"": 0.8135}","{""tag"": ""Metamorphosen"", ""score"": 0.8134}","{""tag"": ""Depaysage"", ""score"": 0.8131}","{""tag"": ""Musee Carnavalet"", ""score"": 0.8126}","{""tag"": ""atelier"", ""score"": 0.8124}"
"7256","In het Josaphat park (schets, zittende man)","Jean Milo","{""tag"": ""abstract"", ""score"": 0.8437}","{""tag"": ""kubisme"", ""score"": 0.8325}","{""tag"": ""portrait"", ""score"": 0.8316}","{""tag"": ""atelier"", ""score"": 0.8295}","{""tag"": ""Musee Carnavalet"", ""score"": 0.8277}","{""tag"": ""arts"", ""score"": 0.8265}","{""tag"": ""Mona Lisa"", ""score"": 0.8257}","{""tag"": ""Portret"", ""score"": 0.8237}","{""tag"": ""Societe Nationale des Beaux-Arts"", ""score"": 0.8237}","{""tag"": ""Rene Magritte"", ""score"": 0.8226}"
"691","Rechterluik van een retabel. Voorzijde : Twee geknielde schenkers met de heiligen Odilo van Cluny en Karel de Grote. Keerzijde : De heilige Joris overmeestert de draak.","Anoniem","{""tag"": ""draak"", ""score"": 0.8529}","{""tag"": ""cavalerie"", ""score"": 0.8366}","{""tag"": ""Lancelot van Ursele"", ""score"": 0.8271}","{""tag"": ""cheval"", ""score"": 0.8268}","{""tag"": ""Pegasus"", ""score"": 0.8264}","{""tag"": ""paard"", ""score"": 0.8222}","{""tag"": ""schilderkunst"", ""score"": 0.822}","{""tag"": ""stierengevecht"", ""score"": 0.8213}","{""tag"": ""\nuiterlijke kenmerken zijn: Harnas en vleugels, Zwaard of lans (soms ook schild of banier),\nVoeten op draak/duivel (verslagen tegenstander), Weegschaal met zielen (Laatste Oordeel)\nAureool, soms inscriptie “Quis ut Deus?”\n"", ""score"": 0.8208}","{""tag"": ""George"", ""score"": 0.8201}"
"7195","Zittend naakt","Paul Maas","{""tag"": ""abstract"", ""score"": 0.8385}","{""tag"": ""kubisme"", ""score"": 0.8227}","{""tag"": ""Rene Magritte"", ""score"": 0.8226}","{""tag"": ""Georgette Magritte"", ""score"": 0.8198}","{""tag"": ""figure"", ""score"": 0.8181}","{""tag"": ""Art universel"", ""score"": 0.8173}","{""tag"": ""L'isolement"", ""score"": 0.8172}","{""tag"": ""sofa"", ""score"": 0.8168}","{""tag"": ""man"", ""score"": 0.8166}","{""tag"": ""atelier"", ""score"": 0.8163}"
"10000 / 144","Emile Verhaeren","Constantin Meunier","{""tag"": ""buste"", ""score"": 0.8542}","{""tag"": ""portrait"", ""score"": 0.8328}","{""tag"": ""man"", ""score"": 0.8314}","{""tag"": ""oude man"", ""score"": 0.8308}","{""tag"": ""Portret"", ""score"": 0.8261}","{""tag"": ""portret"", ""score"": 0.8245}","{""tag"": ""abstract"", ""score"": 0.8221}","{""tag"": ""arts"", ""score"": 0.8219}","{""tag"": ""torso"", ""score"": 0.8208}","{""tag"": ""Gustave Courbet"", ""score"": 0.8206}"
"142","Portret van Johan-Maurits van Nassau-Siegen 1604-1679 met een zwarte page","Pieter Nason","{""tag"": ""portrait"", ""score"": 0.84}","{""tag"": ""Diego Velazquez"", ""score"": 0.835}","{""tag"": ""Portret"", ""score"": 0.8328}","{""tag"": ""portret"", ""score"": 0.8321}","{""tag"": ""boeket"", ""score"": 0.8289}","{""tag"": ""Frans Floris"", ""score"": 0.8287}","{""tag"": ""landschap op achtergrond / portret van een onbekende"", ""score"": 0.8262}","{""tag"": ""portret van een onbekende"", ""score"": 0.826}","{""tag"": ""Jacques-Louis David"", ""score"": 0.8258}","{""tag"": ""Diego Velasquez"", ""score"": 0.8251}"
"7338","Mechanische elementen","Fernand Leger","{""tag"": ""abstract"", ""score"": 0.8546}","{""tag"": ""kubisme"", ""score"": 0.8269}","{""tag"": ""geometrie"", ""score"": 0.8233}","{""tag"": ""arts"", ""score"": 0.8193}","{""tag"": ""Art libre"", ""score"": 0.8156}","{""tag"": ""scene"", ""score"": 0.8132}","{""tag"": ""kunst"", ""score"": 0.8128}","{""tag"": ""geometrisch"", ""score"": 0.8125}","{""tag"": ""atelier"", ""score"": 0.812}","{""tag"": ""Societe Libre des Beaux-Arts"", ""score"": 0.8109}"
"3845","Ochtendgloren","Richard Baseleer","{""tag"": ""abstract"", ""score"": 0.8285}","{""tag"": ""watersport"", ""score"": 0.8257}","{""tag"": ""pier"", ""score"": 0.8241}","{""tag"": ""water"", ""score"": 0.8233}","{""tag"": ""Gustave Courbet"", ""score"": 0.8224}","{""tag"": ""Oceanie"", ""score"": 0.8216}","{""tag"": ""marine"", ""score"": 0.8204}","{""tag"": ""Little Bay"", ""score"": 0.8198}","{""tag"": ""waterlelie"", ""score"": 0.8196}","{""tag"": ""landschap op achtergrond / portret van een onbekende"", ""score"": 0.8193}"
"9578","De modeontwerpster Norine","Henri-Francois Ramah","{""tag"": ""femme"", ""score"": 0.8404}","{""tag"": ""\""Etudes passionnelles de decadence\"""", ""score"": 0.8271}","{""tag"": ""vrouw"", ""score"": 0.8251}","{""tag"": ""abstract"", ""score"": 0.8211}","{""tag"": ""Madame Recamier"", ""score"": 0.8178}","{""tag"": ""Mona Lisa"", ""score"": 0.8172}","{""tag"": ""Vrouw der Weeen"", ""score"": 0.8151}","{""tag"": ""jonge vrouw"", ""score"": 0.815}","{""tag"": ""salon"", ""score"": 0.8142}","{""tag"": ""mevrouw Louis Gallait"", ""score"": 0.8135}"
"10680 / 1-12","Schetsboek","Paul Delvaux","{""tag"": ""architecture"", ""score"": 0.8327}","{""tag"": ""abstract"", ""score"": 0.8309}","{""tag"": ""stadsbebouwing"", ""score"": 0.8292}","{""tag"": ""architectuuur"", ""score"": 0.827}","{""tag"": ""atelier"", ""score"": 0.824}","{""tag"": ""Schinkel"", ""score"": 0.8231}","{""tag"": ""Musee Carnavalet"", ""score"": 0.823}","{""tag"": ""Weissenhofsiedlung"", ""score"": 0.8228}","{""tag"": ""architect"", ""score"": 0.8213}","{""tag"": ""scene"", ""score"": 0.8213}"
"4060 / 2240","Studie voor een man in een pij die de ogen ten hemel slaat","Charles Le Brun","{""tag"": ""religieuze man"", ""score"": 0.8382}","{""tag"": ""religieuze scene"", ""score"": 0.8375}","{""tag"": ""God de Vader"", ""score"": 0.8354}","{""tag"": ""profeet"", ""score"": 0.8347}","{""tag"": ""Ecce Homo"", ""score"": 0.8343}","{""tag"": ""Jezus"", ""score"": 0.8329}","{""tag"": ""Evangelist"", ""score"": 0.8324}","{""tag"": ""Pieta"", ""score"": 0.8306}","{""tag"": ""Diego Velasquez"", ""score"": 0.8305}","{""tag"": ""Peter Paul Rubens"", ""score"": 0.8304}"
"387","Linkerluik van een retabel. Voorzijde : Twee geknielde schenkers met de heiligen Johannes de Doper en Nicolaas. Keerzijde : De wijding van een bisschop","Anoniem (Zuid-Nederlandse school)","{""tag"": ""kroning"", ""score"": 0.8624}","{""tag"": ""priester"", ""score"": 0.8454}","{""tag"": ""religieuze scene"", ""score"": 0.8427}","{""tag"": ""altaar"", ""score"": 0.8419}","{""tag"": ""Baptisterium"", ""score"": 0.8409}","{""tag"": ""sacristiemeester"", ""score"": 0.8408}","{""tag"": ""Heilig Roomse Rijk"", ""score"": 0.8403}","{""tag"": ""Kroning van de Maagd"", ""score"": 0.8402}","{""tag"": ""Sacre"", ""score"": 0.8391}","{""tag"": ""Geseling van Christus"", ""score"": 0.839}"
"91","De geldteller","Willem van der Vliet (toegeschreven aan) (vroegere toeschrijvingen : Louis Le Nain ; Guido Reni ; Fabritius ; Nicolas La Fabrique : Hollandse school 17e eeuw)","{""tag"": ""geld"", ""score"": 0.8375}","{""tag"": ""goud"", ""score"": 0.8255}","{""tag"": ""rijkdom"", ""score"": 0.8221}","{""tag"": ""Gulden Vlies"", ""score"": 0.8203}","{""tag"": ""portrait"", ""score"": 0.8193}","{""tag"": ""abstract"", ""score"": 0.8184}","{""tag"": ""Diego Velazquez"", ""score"": 0.8175}","{""tag"": ""jongen"", ""score"": 0.817}","{""tag"": ""fresco"", ""score"": 0.8162}","{""tag"": ""portret van een onbekende"", ""score"": 0.8159}"
"9258","Twee hoofden (schets)","Rik Wouters","{""tag"": ""abstract"", ""score"": 0.837}","{""tag"": ""scene"", ""score"": 0.8214}","{""tag"": ""arts"", ""score"": 0.8186}","{""tag"": ""figure"", ""score"": 0.8177}","{""tag"": ""atelier"", ""score"": 0.8159}","{""tag"": ""portrait"", ""score"": 0.8157}","{""tag"": ""kubisme"", ""score"": 0.8147}","{""tag"": ""angst"", ""score"": 0.8143}","{""tag"": ""figuren"", ""score"": 0.8142}","{""tag"": ""Mona Lisa"", ""score"": 0.8141}"
"4570","Stilleven","Alfred Verhaeren","{""tag"": ""groenten"", ""score"": 0.8431}","{""tag"": ""moestuin"", ""score"": 0.8371}","{""tag"": ""fruit"", ""score"": 0.8352}","{""tag"": ""groente"", ""score"": 0.8334}","{""tag"": ""pot"", ""score"": 0.8315}","{""tag"": ""voedsel"", ""score"": 0.8313}","{""tag"": ""stilleven"", ""score"": 0.8281}","{""tag"": ""wortel"", ""score"": 0.8252}","{""tag"": ""tuinvaas"", ""score"": 0.8242}","{""tag"": ""aardappel"", ""score"": 0.8233}"
"9257","Zittende, uitgestrekte vrouw en gehurkte vrouw (schets)","Rik Wouters","{""tag"": ""hand"", ""score"": 0.8652}","{""tag"": ""handschoen"", ""score"": 0.822}","{""tag"": ""handgebaar"", ""score"": 0.8207}","{""tag"": ""palm"", ""score"": 0.8163}","{""tag"": ""abstract"", ""score"": 0.8163}","{""tag"": ""op handen en voeten"", ""score"": 0.8159}","{""tag"": ""handschoenen"", ""score"": 0.813}","{""tag"": ""Mona Lisa"", ""score"": 0.8105}","{""tag"": ""penseel"", ""score"": 0.8078}","{""tag"": ""Ecce Homo"", ""score"": 0.8077}"
"9643","Abstracte compositie","Felix De Boeck","{""tag"": ""abstract"", ""score"": 0.8499}","{""tag"": ""geometrie"", ""score"": 0.8314}","{""tag"": ""kubisme"", ""score"": 0.8234}","{""tag"": ""geometrisch"", ""score"": 0.8232}","{""tag"": ""geometrische versiering"", ""score"": 0.8203}","{""tag"": ""arts"", ""score"": 0.82}","{""tag"": ""scene"", ""score"": 0.8164}","{""tag"": ""kunst"", ""score"": 0.8143}","{""tag"": ""Societe Nationale des Beaux-Arts"", ""score"": 0.8129}","{""tag"": ""Musee Carnavalet"", ""score"": 0.8129}"
